pref,code5,name,total,violent,assault,burglary,snatch,pickpocket,bike,fraud,weighted,pop_resident,pop_daytime,denominator_rule,rate,source
11,11101,さいたま市西区,534,10,38,45,0,1,122,32,240.5,95597,81076,resident,25.16,saitama
11,11102,さいたま市北区,1005,6,59,60,5,0,272,94,366.4,151122,135171,resident,24.25,saitama
11,11103,さいたま市大宮区,1642,25,165,29,5,14,402,99,634.4,126417,161249,resident,50.18,saitama
11,11104,さいたま市見沼区,1038,11,88,92,4,0,256,40,485.8,165465,136870,resident,29.36,saitama
11,11105,さいたま市中央区,610,3,31,18,3,1,206,44,185.1,103111,103692,resident,17.95,saitama
11,11106,さいたま市桜区,628,4,22,55,0,0,209,38,236.3,96620,84905,resident,24.46,saitama
11,11107,さいたま市浦和区,911,1,96,22,3,3,268,63,342.5,169815,162467,resident,20.17,saitama
11,11108,さいたま市南区,1017,8,70,25,1,0,346,54,330.6,195507,146280,resident,16.91,saitama
11,11109,さいたま市緑区,779,5,50,32,0,0,238,65,263.4,134711,103402,resident,19.55,saitama
11,11110,さいたま市岩槻区,885,5,51,98,0,0,161,41,369.5,112135,114368,resident,32.95,saitama
11,11201,川越市,2498,32,167,310,2,3,736,87,1296.7,352805,343052,resident,36.75,saitama
11,11202,熊谷市,1369,16,105,114,0,0,273,96,587.1,190927,189466,resident,30.75,saitama
11,11203,川口市,4529,42,294,234,7,2,1446,205,1673.8,607447,490197,resident,27.55,saitama
11,11206,行田市,584,4,37,115,1,0,83,31,349.1,77854,72909,resident,44.84,saitama
11,11207,秩父市,282,5,33,52,0,0,19,16,193.9,57212,57673,resident,33.89,saitama
11,11208,所沢市,1952,14,103,94,0,2,659,140,664.7,342520,298938,resident,19.41,saitama
11,11209,飯能市,511,2,14,26,0,0,224,17,156.6,77963,73398,resident,20.09,saitama
11,11210,加須市,707,4,45,85,0,0,120,17,311.4,112018,106419,resident,27.8,saitama
11,11211,本庄市,732,9,46,152,0,0,110,23,460.6,76783,79878,resident,59.99,saitama
11,11212,東松山市,827,5,36,137,0,1,159,41,418.4,91256,94194,resident,45.85,saitama
11,11214,春日部市,1762,18,111,162,2,3,554,80,790.7,229656,196819,resident,34.43,saitama
11,11215,狭山市,776,6,48,92,0,2,154,47,356.6,148221,141364,resident,24.06,saitama
11,11216,羽生市,597,0,17,72,0,0,94,18,209.8,53696,51712,resident,39.07,saitama
11,11217,鴻巣市,786,5,54,79,0,0,185,31,342.7,117564,94696,resident,29.15,saitama
11,11218,深谷市,875,7,48,113,0,0,194,45,410.2,140809,133595,resident,29.13,saitama
11,11219,上尾市,1642,7,93,92,1,0,455,87,546.9,230066,189660,resident,23.77,saitama
11,11221,草加市,1864,17,119,72,1,7,606,81,643.5,251992,210429,resident,25.54,saitama
11,11222,越谷市,3193,22,185,122,3,1,1083,165,1045.4,342327,298114,resident,30.54,saitama
11,11223,蕨市,614,5,38,31,2,0,226,18,228.4,76342,61066,resident,29.92,saitama
11,11224,戸田市,1034,10,75,36,2,5,303,28,360.0,142070,129201,resident,25.34,saitama
11,11225,入間市,789,3,56,60,0,0,241,42,321.7,143412,129463,resident,22.43,saitama
11,11227,朝霞市,1012,8,81,33,2,0,342,39,366.4,145938,116982,resident,25.11,saitama
11,11228,志木市,392,2,29,20,1,0,116,22,145.2,76153,59930,resident,19.07,saitama
11,11229,和光市,529,6,38,12,0,1,156,24,171.1,84890,72463,resident,20.16,saitama
11,11230,新座市,1053,8,53,38,1,1,349,103,334.8,166412,146065,resident,20.12,saitama
11,11231,桶川市,471,4,24,24,0,0,124,21,149.4,74172,62763,resident,20.14,saitama
11,11232,久喜市,1052,15,51,135,1,0,208,53,492.0,150976,141711,resident,32.59,saitama
11,11233,北本市,401,4,30,47,0,2,63,15,190.9,65274,53822,resident,29.25,saitama
11,11234,八潮市,788,5,34,58,1,0,330,20,304.0,93655,87711,resident,32.46,saitama
11,11235,富士見市,794,4,50,30,1,2,241,62,261.7,113404,84357,resident,23.08,saitama
11,11237,三郷市,1245,4,79,52,1,0,392,53,404.2,142152,128520,resident,28.43,saitama
11,11238,蓮田市,412,1,18,68,0,0,81,20,203.3,61111,51632,resident,33.27,saitama
11,11239,坂戸市,751,3,33,64,0,1,213,49,278.2,99632,92650,resident,27.92,saitama
11,11240,幸手市,318,3,13,29,0,0,77,17,119.5,48801,44576,resident,24.49,saitama
11,11241,鶴ケ島市,470,6,24,27,0,0,134,28,165.8,69836,59006,resident,23.74,saitama
11,11242,日高市,336,3,15,49,0,1,72,14,162.9,54192,53611,resident,30.06,saitama
11,11243,吉川市,542,8,32,38,0,0,184,24,224.0,72396,59025,resident,30.94,saitama
11,11245,ふじみ野市,758,2,39,47,0,0,212,63,254.2,114559,93778,resident,22.19,saitama
11,11246,白岡市,233,1,9,34,0,0,42,12,104.0,52404,41711,resident,19.85,saitama
11,11301,伊奈町,261,1,17,29,0,0,74,12,119.6,45042,43432,resident,26.55,saitama
11,11324,三芳町,189,2,8,18,0,0,31,17,70.7,37377,43913,resident,18.92,saitama
11,11326,毛呂山町,221,1,7,10,0,0,73,10,60.9,32043,33387,resident,19.01,saitama
11,11327,越生町,59,0,3,3,0,0,12,6,16.8,10757,10051,resident,15.62,saitama
11,11341,滑川町,145,1,6,12,0,0,34,4,50.0,19757,18658,resident,25.31,saitama
11,11342,嵐山町,120,2,10,17,0,0,12,11,65.8,17328,18565,resident,37.97,saitama
11,11343,小川町,155,1,9,35,0,0,17,7,97.5,27448,24181,resident,35.52,saitama
11,11346,川島町,174,1,15,21,0,0,17,13,82.7,18671,21159,resident,44.29,saitama
11,11347,吉見町,120,0,5,13,0,0,7,8,39.7,17620,16800,resident,22.53,saitama
11,11348,鳩山町,45,0,2,8,0,0,1,6,21.5,12782,13161,resident,16.82,saitama
11,11349,ときがわ町,33,0,5,5,0,0,2,3,21.2,10220,9811,resident,20.74,saitama
11,11361,横瀬町,25,0,1,6,0,0,3,2,15.3,7601,6598,resident,20.13,saitama
11,11362,皆野町,43,0,1,13,0,0,0,3,28.6,8878,8421,resident,32.21,saitama
11,11363,長瀞町,39,0,2,16,0,0,1,3,36.9,6367,5960,resident,57.96,saitama
11,11365,小鹿野町,24,0,4,5,0,0,2,2,19.0,10061,10336,resident,18.88,saitama
11,11369,東秩父村,6,1,0,0,0,0,1,1,3.5,2406,2361,resident,14.55,saitama
11,11381,美里町,53,1,0,9,0,0,0,0,21.0,10685,11778,resident,19.65,saitama
11,11383,神川町,74,0,4,7,0,0,13,1,26.1,12759,12055,resident,20.46,saitama
11,11385,上里町,246,0,8,50,0,0,15,10,122.5,30530,26471,resident,40.12,saitama
11,11408,寄居町,105,1,2,10,0,0,25,6,35.7,31675,32134,resident,11.27,saitama
11,11442,宮代町,265,0,20,38,0,0,79,14,142.5,33471,27806,resident,42.57,saitama
11,11464,杉戸町,284,2,24,60,0,0,30,15,186.0,43562,40043,resident,42.7,saitama
11,11465,松伏町,196,2,10,42,0,0,26,8,119.4,27857,22461,resident,42.86,saitama
12,12101,千葉市中央区,2191,25,185,117,5,7,656,143,924.9,216963,258877,resident,42.63,chiba
12,12102,千葉市花見川区,1020,10,53,64,5,0,290,50,371.0,176964,141585,resident,20.96,chiba
12,12103,千葉市稲毛区,1036,4,59,35,1,1,334,44,312.5,158426,150682,resident,19.73,chiba
12,12104,千葉市若葉区,1050,9,50,84,1,0,313,37,398.3,146761,128104,resident,27.14,chiba
12,12105,千葉市緑区,576,2,33,21,0,0,213,16,181.1,129402,104899,resident,14.0,chiba
12,12106,千葉市美浜区,951,3,63,4,0,1,328,50,252.9,155380,172522,resident,16.28,chiba
12,12202,銚子市,317,4,16,49,0,0,30,14,153.8,53986,57920,resident,28.49,chiba
12,12203,市川市,2730,18,156,162,3,3,872,146,991.3,494720,401213,resident,20.04,chiba
12,12204,船橋市,3735,43,206,208,7,7,1263,211,1402.6,649393,542642,resident,21.6,chiba
12,12205,館山市,235,3,19,25,0,0,52,14,115.4,43554,46470,resident,26.5,chiba
12,12206,木更津市,835,9,60,68,0,1,157,18,335.2,136843,133208,resident,24.5,chiba
12,12207,松戸市,2703,11,171,153,2,2,678,192,929.8,500395,410359,resident,18.58,chiba
12,12208,野田市,1296,10,38,107,0,0,367,45,439.1,153538,144223,resident,28.6,chiba
12,12210,茂原市,455,5,32,36,2,0,94,22,187.6,85861,82590,resident,21.85,chiba
12,12211,成田市,1136,7,53,106,2,1,211,24,412.6,133099,161969,resident,31.0,chiba
12,12212,佐倉市,636,4,42,37,1,1,146,53,227.9,169506,144765,resident,13.44,chiba
12,12213,東金市,425,6,14,63,0,0,103,7,204.3,56524,57978,resident,36.14,chiba
12,12215,旭市,446,7,13,66,0,0,64,15,201.2,61986,59766,resident,32.46,chiba
12,12216,習志野市,1139,4,68,44,1,5,450,50,390.5,175105,159155,resident,22.3,chiba
12,12217,柏市,2811,22,230,183,1,2,692,125,1129.6,437634,391317,resident,25.81,chiba
12,12218,勝浦市,123,0,3,35,0,0,1,2,76.7,15213,16194,resident,50.42,chiba
12,12219,市原市,1577,15,108,159,2,0,285,53,679.1,266861,256438,resident,25.45,chiba
12,12220,流山市,869,1,49,72,0,0,301,52,345.7,212562,157255,resident,16.26,chiba
12,12221,八千代市,1253,5,39,60,14,0,458,75,393.4,206692,170814,resident,19.03,chiba
12,12222,我孫子市,551,2,21,47,1,0,114,45,187.2,131317,106108,resident,14.26,chiba
12,12223,鴨川市,249,1,15,108,0,0,16,4,254.6,30209,33281,resident,84.28,chiba
12,12224,鎌ケ谷市,596,1,33,50,0,0,140,38,218.6,109757,88724,resident,19.92,chiba
12,12225,君津市,453,2,36,69,0,0,84,17,244.6,79520,80600,resident,30.76,chiba
12,12226,富津市,175,0,17,5,0,0,45,4,58.3,40427,40178,resident,14.42,chiba
12,12227,浦安市,1123,3,56,17,1,3,435,39,299.8,171322,164509,resident,17.5,chiba
12,12228,四街道市,590,4,34,41,1,1,165,15,218.0,96424,78056,resident,22.61,chiba
12,12229,袖ケ浦市,364,1,32,32,0,0,42,6,144.8,66091,60982,resident,21.91,chiba
12,12230,八街市,505,5,27,50,0,0,115,14,206.3,66631,57212,resident,30.96,chiba
12,12231,印西市,680,3,29,62,0,0,125,11,230.7,111731,92936,resident,20.65,chiba
12,12232,白井市,312,1,18,35,0,0,63,5,128.9,62218,52208,resident,20.72,chiba
12,12233,富里市,397,5,19,46,0,0,31,4,155.1,49999,43060,resident,31.02,chiba
12,12234,南房総市,93,1,13,33,0,0,8,2,97.8,34066,32434,resident,28.71,chiba
12,12235,匝瑳市,162,2,8,45,0,0,9,9,116.5,33294,33447,resident,34.99,chiba
12,12236,香取市,511,2,23,132,0,0,22,26,327.8,69575,66671,resident,47.11,chiba
12,12237,山武市,357,3,16,58,0,0,24,8,165.8,47745,43370,resident,34.73,chiba
12,12238,いすみ市,203,3,6,56,0,0,15,6,138.7,34705,31847,resident,39.97,chiba
12,12239,大網白里市,179,2,14,18,0,1,26,10,81.3,47660,36853,resident,17.06,chiba
12,12322,酒々井町,174,2,7,13,0,0,30,5,56.0,20095,17936,resident,27.87,chiba
12,12329,栄町,82,0,2,16,0,0,14,2,40.6,19624,15282,resident,20.69,chiba
12,12342,神崎町,36,0,3,8,0,0,2,3,23.2,5634,5060,resident,41.18,chiba
12,12347,多古町,92,0,2,8,0,0,4,5,22.2,13426,13957,resident,16.54,chiba
12,12349,東庄町,82,0,7,13,0,0,3,2,41.3,12607,10916,resident,32.76,chiba
12,12403,九十九里町,95,0,5,25,0,0,3,1,61.1,14004,12871,resident,43.63,chiba
12,12409,芝山町,77,0,1,5,0,0,0,2,12.4,6644,11332,blended,13.8,chiba
12,12410,横芝光町,135,2,11,24,0,0,11,2,79.7,22095,19350,resident,36.07,chiba
12,12421,一宮町,71,1,9,7,1,0,21,0,43.3,12294,10565,resident,35.22,chiba
12,12422,睦沢町,26,1,1,4,0,0,1,0,13.3,6549,5663,resident,20.31,chiba
12,12423,長生村,64,1,4,11,0,0,9,1,35.9,13269,11307,resident,27.06,chiba
12,12424,白子町,65,2,2,16,0,0,1,2,42.7,10376,8556,resident,41.15,chiba
12,12426,長柄町,49,0,2,4,0,0,0,0,12.0,6233,7191,resident,19.25,chiba
12,12427,長南町,30,1,0,6,0,0,0,0,15.0,7074,7188,resident,21.2,chiba
12,12441,大多喜町,37,1,3,11,0,0,0,1,31.2,8005,9569,resident,38.98,chiba
12,12443,御宿町,30,0,2,4,0,0,1,1,12.5,6912,5942,resident,18.08,chiba
12,12463,鋸南町,13,1,0,5,0,0,5,0,14.5,6679,6077,resident,21.71,chiba
13,13101,千代田区,2532,16,331,23,1,45,168,350,945.9,68835,903780,daytime,10.47,tokyo
13,13102,中央区,1979,29,179,31,4,38,385,239,735.3,187404,633390,daytime,11.61,tokyo
13,13103,港区,3188,56,453,158,1,50,410,354,1660.8,267780,972673,daytime,17.07,tokyo
13,13104,新宿区,6025,123,940,146,16,140,961,432,3157.7,352717,793528,daytime,39.79,tokyo
13,13105,文京区,1194,17,116,26,0,10,305,222,485.9,235345,353648,blended,16.5,tokyo
13,13106,台東区,2731,42,285,57,4,28,737,164,1113.9,216084,307176,resident,51.55,tokyo
13,13107,墨田区,2089,34,198,32,1,9,681,141,810.0,287302,281971,resident,28.19,tokyo
13,13108,江東区,3332,24,255,45,0,12,946,291,1032.0,541685,633813,resident,19.05,tokyo
13,13109,品川区,2240,19,219,56,2,12,574,225,846.2,412786,582156,resident,20.5,tokyo
13,13110,目黒区,1419,15,115,48,0,3,451,146,540.0,281400,301801,resident,19.19,tokyo
13,13111,大田区,4370,35,318,65,3,10,1565,384,1438.3,740519,722027,resident,19.42,tokyo
13,13112,世田谷区,4443,34,266,94,1,7,1766,436,1451.5,923210,854838,resident,15.72,tokyo
13,13113,渋谷区,3849,62,386,109,5,90,682,262,1578.0,231402,551344,daytime,28.62,tokyo
13,13114,中野区,2094,17,171,55,5,9,851,168,815.4,341322,325767,resident,23.89,tokyo
13,13115,杉並区,2479,16,194,86,4,5,806,222,909.7,577147,498067,resident,15.76,tokyo
13,13116,豊島区,3730,79,364,59,7,37,787,281,1444.8,294644,412070,resident,49.04,tokyo
13,13117,北区,2276,16,173,47,3,15,698,254,776.7,362089,332018,resident,21.45,tokyo
13,13118,荒川区,1328,16,101,19,3,3,389,134,442.0,222278,193640,resident,19.89,tokyo
13,13119,板橋区,3420,34,249,102,3,8,1193,266,1233.1,578914,523358,resident,21.3,tokyo
13,13120,練馬区,3662,22,263,88,4,3,1425,297,1267.4,745927,601359,resident,16.99,tokyo
13,13121,足立区,4442,45,347,127,4,4,1394,268,1568.8,698276,619375,resident,22.47,tokyo
13,13122,葛飾区,3037,24,196,57,2,4,1291,244,1024.1,469916,376832,resident,21.79,tokyo
13,13123,江戸川区,4222,46,310,64,3,5,1751,228,1470.4,693570,571717,resident,21.2,tokyo
13,13201,八王子市,3004,38,197,104,2,4,826,269,1027.6,559083,574070,resident,18.38,tokyo
13,13202,立川市,1596,15,109,25,2,3,590,84,515.3,186257,207832,resident,27.67,tokyo
13,13203,武蔵野市,1348,5,79,15,0,3,495,127,381.4,148034,162221,resident,25.76,tokyo
13,13204,三鷹市,803,4,68,17,2,2,292,101,296.8,190497,175413,resident,15.58,tokyo
13,13205,青梅市,771,6,38,68,0,0,258,50,317.4,129105,120804,resident,24.58,tokyo
13,13206,府中市,1087,11,88,26,1,0,368,92,391.8,260998,249891,resident,15.01,tokyo
13,13207,昭島市,948,8,37,7,0,2,442,43,256.2,115632,105988,resident,22.16,tokyo
13,13208,調布市,1181,8,68,29,5,2,471,101,392.5,239348,215825,resident,16.4,tokyo
13,13209,町田市,2361,19,144,105,1,3,600,245,790.5,430170,389137,resident,18.38,tokyo
13,13210,小金井市,709,4,33,8,0,1,350,37,207.9,125174,110012,resident,16.61,tokyo
13,13211,小平市,1045,8,69,21,5,0,456,79,366.6,196799,176977,resident,18.63,tokyo
13,13212,日野市,816,3,60,24,0,0,225,125,269.5,188477,168522,resident,14.3,tokyo
13,13213,東村山市,891,1,66,20,3,1,367,78,308.2,151795,124202,resident,20.3,tokyo
13,13214,国分寺市,586,5,47,11,1,4,215,46,212.7,129500,110258,resident,16.42,tokyo
13,13215,国立市,361,5,25,13,0,0,136,33,138.4,76079,73548,resident,18.19,tokyo
13,13218,福生市,434,6,23,6,1,0,196,24,141.6,56582,51695,resident,25.03,tokyo
13,13219,狛江市,268,1,11,5,0,0,88,30,67.4,82048,62979,resident,8.21,tokyo
13,13220,東大和市,559,2,24,14,3,1,271,42,179.2,84996,67364,resident,21.08,tokyo
13,13221,清瀬市,465,4,38,5,0,0,188,30,160.4,75011,65931,resident,21.38,tokyo
13,13222,東久留米市,681,4,20,22,1,0,273,32,186.3,116325,95619,resident,16.02,tokyo
13,13223,武蔵村山市,445,2,16,10,0,0,150,30,109.0,70696,67567,resident,15.42,tokyo
13,13224,多摩市,952,3,57,39,0,0,337,100,322.1,148084,146247,resident,21.75,tokyo
13,13225,稲城市,388,2,25,9,0,0,121,49,120.1,93916,74976,resident,12.79,tokyo
13,13227,羽村市,392,1,15,3,0,1,212,18,107.7,54126,51710,resident,19.9,tokyo
13,13228,あきる野市,448,6,18,29,0,0,167,22,166.5,79244,67342,resident,21.01,tokyo
13,13229,西東京市,1032,9,40,13,3,0,434,36,276.4,206245,167697,resident,13.4,tokyo
13,13303,瑞穂町,239,3,10,5,0,0,77,12,64.5,32013,35317,resident,20.15,tokyo
13,13305,日の出町,120,0,10,4,0,0,9,7,32.1,16061,17760,resident,19.99,tokyo
13,13307,檜原村,11,0,1,1,0,0,0,0,4.0,1923,2133,resident,20.8,tokyo
13,13308,奥多摩町,9,0,1,0,0,0,0,0,2.0,4492,4925,resident,4.45,tokyo
13,13361,大島町,7,0,0,1,0,0,0,0,2.0,6813,7276,resident,2.94,tokyo
13,13363,新島村,7,0,1,0,0,0,0,0,2.0,2415,2451,resident,8.28,tokyo
13,13381,三宅村,2,0,0,0,0,0,0,0,0.0,2211,2345,resident,0.0,tokyo
13,13401,八丈町,11,0,4,1,0,0,0,1,10.2,6838,7133,resident,14.92,tokyo
13,13421,小笠原村,5,0,0,1,0,0,1,0,2.3,2496,3021,resident,9.21,tokyo
14,14101,横浜市鶴見区,1500,11,109,47,2,1,502,132,527.5,295947,266213,resident,17.82,kanagawa
14,14102,横浜市神奈川区,1121,10,77,58,2,2,209,161,401.9,245832,244746,resident,16.35,kanagawa
14,14103,横浜市西区,1476,23,142,17,0,4,144,131,462.4,106188,199589,blended,30.24,kanagawa
14,14104,横浜市中区,1774,21,213,41,0,16,326,90,710.8,155366,242204,blended,35.76,kanagawa
14,14105,横浜市南区,793,11,63,29,1,1,188,61,289.1,200586,160600,resident,14.41,kanagawa
14,14106,横浜市保土ケ谷区,783,10,45,44,1,0,133,73,264.5,202706,174848,resident,13.05,kanagawa
14,14107,横浜市磯子区,628,5,44,20,0,0,151,65,201.3,165586,139664,resident,12.16,kanagawa
14,14108,横浜市金沢区,879,2,71,39,0,0,247,131,326.3,192009,193074,resident,16.99,kanagawa
14,14109,横浜市港北区,1655,17,104,142,2,2,366,168,693.4,358165,330958,resident,19.36,kanagawa
14,14110,横浜市戸塚区,966,9,63,60,3,0,185,98,354.1,280846,245012,resident,12.61,kanagawa
14,14111,横浜市港南区,949,4,77,26,0,0,179,59,283.5,211469,174862,resident,13.41,kanagawa
14,14112,横浜市旭区,928,9,64,66,0,0,152,96,351.8,241954,200238,resident,14.54,kanagawa
14,14113,横浜市緑区,646,9,32,46,2,0,126,75,239.8,181558,150048,resident,13.21,kanagawa
14,14114,横浜市瀬谷区,524,4,31,24,0,0,97,46,160.3,121731,102517,resident,13.17,kanagawa
14,14115,横浜市栄区,407,3,26,26,0,1,70,59,147.3,120683,99497,resident,12.21,kanagawa
14,14116,横浜市泉区,591,3,43,43,0,0,85,49,216.3,151056,119956,resident,14.32,kanagawa
14,14117,横浜市青葉区,1052,5,83,72,0,1,254,90,420.7,306960,248048,resident,13.71,kanagawa
14,14118,横浜市都筑区,824,5,32,33,0,1,207,64,221.4,214756,203901,resident,10.31,kanagawa
14,14131,川崎市川崎区,2638,18,142,81,3,4,1135,99,872.3,233887,270642,resident,37.3,kanagawa
14,14132,川崎市幸区,1045,19,53,23,2,3,401,50,347.8,174808,163160,resident,19.9,kanagawa
14,14133,川崎市中原区,1223,4,69,47,0,0,505,83,412.1,263731,219767,resident,15.63,kanagawa
14,14134,川崎市高津区,1045,1,69,25,1,1,366,51,314.5,231957,192337,resident,13.56,kanagawa
14,14135,川崎市多摩区,891,9,58,69,3,2,306,56,393.0,218533,175337,resident,17.98,kanagawa
14,14136,川崎市宮前区,692,8,34,21,1,1,105,155,200.0,234249,174215,resident,8.54,kanagawa
14,14137,川崎市麻生区,560,1,44,20,0,0,72,132,179.0,177976,146939,resident,10.06,kanagawa
14,14151,相模原市緑区,944,5,56,44,1,1,254,55,305.7,165772,153256,resident,18.44,kanagawa
14,14152,相模原市中央区,1724,12,77,78,0,2,577,87,539.5,271862,253174,resident,19.84,kanagawa
14,14153,相模原市南区,1541,10,63,92,1,1,618,60,540.9,278860,238789,resident,19.4,kanagawa
14,14201,横須賀市,1300,18,164,64,2,2,208,87,596.8,379041,357706,resident,15.74,kanagawa
14,14203,平塚市,1467,12,67,105,0,2,477,45,535.1,256549,255152,resident,20.86,kanagawa
14,14204,鎌倉市,673,9,73,62,0,0,144,80,356.2,174535,167884,resident,20.41,kanagawa
14,14205,藤沢市,2466,20,167,151,0,1,766,139,955.1,445041,405999,resident,21.46,kanagawa
14,14206,小田原市,1090,12,59,112,0,1,277,51,472.8,186464,183931,resident,25.36,kanagawa
14,14207,茅ケ崎市,1237,7,71,66,1,0,525,159,486.3,247345,197099,resident,19.66,kanagawa
14,14208,逗子市,263,1,23,16,0,0,72,44,111.4,57827,46568,resident,19.26,kanagawa
14,14210,三浦市,146,2,17,9,0,0,8,13,63.0,39842,36860,resident,15.81,kanagawa
14,14211,秦野市,621,12,32,56,0,0,113,50,255.9,158573,142491,resident,16.14,kanagawa
14,14212,厚木市,1385,13,74,72,2,1,332,82,452.5,223424,259057,resident,20.25,kanagawa
14,14213,大和市,1490,17,89,60,0,1,371,122,486.2,245750,209220,resident,19.78,kanagawa
14,14214,伊勢原市,411,8,32,36,0,0,65,31,185.7,99816,97238,resident,18.6,kanagawa
14,14215,海老名市,731,10,35,53,0,2,152,34,261.4,140763,128095,resident,18.57,kanagawa
14,14216,座間市,687,6,36,90,0,0,143,40,320.9,131219,116203,resident,24.46,kanagawa
14,14217,南足柄市,172,0,19,38,0,0,17,14,121.9,40164,35489,resident,30.35,kanagawa
14,14218,綾瀬市,375,3,17,29,0,0,72,39,130.4,83952,80529,resident,15.53,kanagawa
14,14301,葉山町,101,2,9,21,0,1,8,15,72.9,31813,24625,resident,22.92,kanagawa
14,14321,寒川町,218,1,13,27,0,0,64,18,105.8,48997,45799,resident,21.59,kanagawa
14,14341,大磯町,101,0,6,8,0,0,16,13,35.4,31757,25154,resident,11.15,kanagawa
14,14342,二宮町,114,0,3,18,0,0,41,4,55.1,27415,20793,resident,20.1,kanagawa
14,14361,中井町,54,0,3,8,0,0,1,3,22.9,8901,12013,resident,25.73,kanagawa
14,14362,大井町,72,0,6,9,0,0,10,3,33.6,17426,14687,resident,19.28,kanagawa
14,14363,松田町,63,0,7,11,0,0,9,6,39.9,10419,10468,resident,38.3,kanagawa
14,14364,山北町,44,0,3,12,0,0,4,2,31.6,9263,9691,resident,34.11,kanagawa
14,14366,開成町,79,1,7,4,0,0,24,5,33.2,18566,15723,resident,17.88,kanagawa
14,14382,箱根町,38,1,1,4,0,0,0,2,13.4,10835,17307,blended,9.52,kanagawa
14,14383,真鶴町,19,0,1,6,0,0,0,5,15.0,6553,5126,resident,22.89,kanagawa
14,14384,湯河原町,83,0,4,16,0,0,1,8,41.9,23183,20636,resident,18.07,kanagawa
14,14401,愛川町,141,1,8,14,0,0,32,7,58.0,39377,40936,resident,14.73,kanagawa
14,14402,清川村,7,1,1,2,0,0,0,1,9.2,2716,2876,resident,33.87,kanagawa
